Cluster ID,cultivar id,subpopulation,sequences,mean_height,Yield
1,C001,Indica,GCTTTTCCC,138.27,30.69
1,W261,Intermediate,GCTTTTCCC,138.27,30.69
2,W306,VI/Aromatic,GCTGTTCCC,129.60,28.41
3,C128,Indica,GCTTTTTCC,156.07,28.04
3,C180,Indica,GCTTTTTCC,156.07,28.04
3,C183,Indica,GCTTTTTCC,156.07,28.04
3,C193,Indica,GCTTTTTCC,156.07,28.04
3,W132,Indica,GCTTTTTCC,156.07,28.04
4,C036,Indica,GCTTTTTCT,122.87,33.10
4,C121,Indica,GCTTTTTCT,122.87,33.10
5,C060,Indica,GCTTTATCC,131.27,29.34
5,W029,Indica,GCTTTATCC,131.27,29.34
6,C020,Indica,GCTTTATCT,96.64,26.89
6,C021,Indica,GCTTTATCT,96.64,26.89
6,C033,Indica,GCTTTATCT,96.64,26.89
6,C039,Indica,GCTTTATCT,96.64,26.89
6,C058,Indica,GCTTTATCT,96.64,26.89
6,C059,Indica,GCTTTATCT,96.64,26.89
6,C122,Indica,GCTTTATCT,96.64,26.89
6,C155,Indica,GCTTTATCT,96.64,26.89
6,C156,Indica,GCTTTATCT,96.64,26.89
6,C158,Indica,GCTTTATCT,96.64,26.89
6,C159,Indica,GCTTTATCT,96.64,26.89
6,C161,Indica,GCTTTATCT,96.64,26.89
6,W223,Indica,GCTTTATCT,96.64,26.89
7,C024,Indica,ACTTTATCT,88.18,23.69
7,C114,Indica,ACTTTATCT,88.18,23.69
7,C145,Indica,ACTTTATCT,88.18,23.69
8,C040,Indica,GCTGTATCT,91.45,21.01
8,C157,Indica,GCTGTATCT,91.45,21.01
8,W078,Indica,GCTGTATCT,91.45,21.01
9,C083,Temperate,GCTGAATCT,174.70,20.45
10,C003,Japonica,GCTGTACTT,121.36,26.16
10,C010,Tropical,GCTGTACTT,121.36,26.16
10,C023,Temperate,GCTGTACTT,121.36,26.16
10,C034,Temperate,GCTGTACTT,121.36,26.16
10,C054,Temperate,GCTGTACTT,121.36,26.16
10,C089,Temperate,GCTGTACTT,121.36,26.16
10,C118,Indica,GCTGTACTT,121.36,26.16
10,C124,Indica,GCTTTACTT,121.36,29.79
10,C181,Temperate,GCTGTACTT,121.36,26.16
10,C187,Temperate,GCTGTACTT,121.36,26.16
10,C188,Temperate,GCTGTACTT,121.36,26.16
10,C195,Temperate,GCTGTACTT,121.36,26.16
10,C203,Indica,GCTTTACTT,121.36,29.79
10,W018,Temperate,GCTGTACTT,121.36,26.16
10,W019,Japonica,GCTGTACTT,121.36,26.16
10,W038,Temperate,GCTGTACTT,121.36,26.16
10,W045,Temperate,GCTGTACTT,121.36,26.16
10,W059,Temperate,GCTGTACTT,121.36,26.16
10,W062,Tropical,GCTGTACTT,121.36,26.16
10,W064,Temperate,GCTGTACTT,121.36,26.16
10,W068,Temperate,GCTTTACTT,121.36,29.79
10,W070,Indica,GCTGTACTT,121.36,26.16
10,W139,Temperate,GCTGTACTT,121.36,26.16
10,W171,Indica,GCTGTACTT,121.36,26.16
10,W173,Tropical,GCTGTACTT,121.36,26.16
10,W175,Intermediate,GCTTTACTT,121.36,29.79
10,W240,Indica,GCTTTACTT,121.36,29.79
10,W281,Temperate,GCTGTACTT,121.36,26.16
10,W302,Tropical,GCTGTACTT,121.36,26.16
10,W313,Indica,GCTTTACTT,121.36,29.79
11,C004,Temperate,GCTGAACTC,165.35,15.90
11,C079,Temperate,GCTGAACTC,165.35,15.90
11,C093,Temperate,GCTGAACTC,165.35,15.90
11,C103,Temperate,GCTGAACTC,165.35,15.90
11,C130,Temperate,GCTGAACTC,165.35,15.90
11,C133,Temperate,GCTGAACTC,165.35,15.90
11,C196,Temperate,GCTGAACTC,165.35,15.90
11,W102,Tropical,GCTGAACTC,165.35,15.90
11,W325,Temperate,GCTGAACTC,165.35,15.90
12,C101,Temperate,GCTGAACCC,186.68,12.31
12,C106,Temperate,GCTGAACCC,186.68,12.31
12,C111,Temperate,GCTGAACCC,186.68,12.31
12,C137,Temperate,GCTGAACCC,186.68,12.31
12,W319,Temperate,GCTGAACCC,186.68,12.31
13,C134,Temperate,GCTTAACCC,192.00,12.04
13,C144,Temperate,GCTTAACCC,192.00,12.04
13,W143,Japonica,GCTTAACCC,192.00,12.04
14,C084,Japonica,GCTGTACCC,159.84,20.04
14,C085,Japonica,GCTGTACCC,159.84,20.04
14,W050,VI/Aromatic,GCTGTACCC,159.84,20.04
15,C016,Temperate,GCTGTACCT,97.72,23.06
15,C056,Temperate,GCTGTACCT,97.72,23.06
15,W290,Temperate,GCTGTACCT,97.72,23.06
16,C067,Temperate,GCTGTACTC,147.23,24.40
16,C071,Temperate,GCTGTACTC,147.23,24.40
16,C074,Temperate,GCTGTACTC,147.23,24.40
16,C075,Temperate,GCTGTACTC,147.23,24.40
16,C082,Temperate,GCTGTACTC,147.23,24.40
16,C138,Temperate,GCTGTACTC,147.23,24.40
16,C171,Temperate,GCTGTACTC,147.23,24.40
16,C179,Temperate,GCTGTACTC,147.23,24.40
16,C186,Japonica,GCTGTACTC,147.23,24.40
16,W082,Temperate,GCTGTACTC,147.23,24.40
16,W097,Intermediate,GCTGTACTC,147.23,24.40
16,W122,Japonica,GCTGTACTC,147.23,24.40
16,W127,Japonica,GCTGTACTC,147.23,24.40
16,W324,Japonica,GCTGTACTC,147.23,24.40
16,W326,Japonica,GCTGTACTC,147.23,24.40
17,W135,Indica,GCTTTACTC,172.80,49.14
18,C012,Temperate,ACTGAACTT,120.78,28.99
18,W060,Temperate,ACTGAACTT,120.78,28.99
18,W193,Temperate,ACTGAACTT,120.78,28.99
18,W249,Temperate,ACTGAACTT,120.78,28.99
18,W250,Temperate,ACTGAACTT,120.78,28.99
19,C063,Temperate,ACTGAACCC,115.54,28.32
20,C120,Temperate,ACTGAACCT,100.82,28.32
20,C149,Temperate,ACTGAACCT,100.82,28.32
20,C172,Temperate,ACTGAACCT,100.82,28.32
21,W003,Tropical,ACTGAACTC,140.40,23.39
22,W128,Intermediate,ACCGATCTT,149.80,46.26
23,W125,Intermediate,ACTGTTCTT,152.00,35.19
24,C017,Temperate,ACTGTACTT,99.38,23.67
24,C018,Temperate,ACTGTACTT,99.38,23.67
24,C026,Temperate,ACTGTACTT,99.38,23.67
24,C028,Temperate,ACTGTACTT,99.38,23.67
24,C029,Japonica,ACTGTACTT,99.38,23.67
24,C032,Temperate,ACTGTACTT,99.38,23.67
24,C035,Temperate,ACTGTACTT,99.38,23.67
24,C048,Temperate,ACTGTACTT,99.38,23.67
24,C057,Japonica,ACTGTACTT,99.38,23.67
24,C064,Temperate,ACTGTACTT,99.38,23.67
24,C116,Temperate,ACTGTACTT,99.38,23.67
24,C146,Temperate,ACTGTACTT,99.38,23.67
24,C150,Temperate,ACTGTACTT,99.38,23.67
24,C152,Temperate,ACTGTACTT,99.38,23.67
24,C154,Temperate,ACTGTACTT,99.38,23.67
24,C177,Temperate,ACTGTACTT,99.38,23.67
24,W010,Japonica,ACTGTACTT,99.38,23.67
24,W012,Temperate,ACTGTACTT,99.38,23.67
24,W013,Temperate,ACTGTACTT,99.38,23.67
24,W016,Temperate,ACTGTACTT,99.38,23.67
24,W027,Temperate,ACTGTACTT,99.38,23.67
24,W052,Temperate,ACTGTACTT,99.38,23.67
24,W061,Japonica,ACTGTACTT,99.38,23.67
24,W063,Japonica,ACTGTACTT,99.38,23.67
24,W088,Temperate,ACTGTACTT,99.38,23.67
24,W109,Temperate,ACTGTACTT,99.38,23.67
24,W117,Temperate,ACTGTACTT,99.38,23.67
24,W130,Temperate,ACTGTACTT,99.38,23.67
24,W158,Intermediate,ACTGTACTT,99.38,23.67
24,W160,Temperate,ACTGTACTT,99.38,23.67
24,W162,Temperate,ACTGTACTT,99.38,23.67
24,W207,Temperate,ACTGTACTT,99.38,23.67
24,W209,Temperate,ACTGTACTT,99.38,23.67
24,W283,Temperate,ACTGTACTT,99.38,23.67
24,W305,Temperate,ACTGTACTT,99.38,23.67
24,W328,Intermediate,ACTGTACTT,99.38,23.67
25,C052,Temperate,ACTGTACTC,124.12,23.39
25,C185,Japonica,ACTGTACTC,124.12,23.39
25,W021,Japonica,ACTGTACTC,124.12,23.39
25,W323,Japonica,ACTGTACTC,124.12,23.39
25,W327,Temperate,ACTGTACTC,124.12,23.39
26,C070,Temperate,GCTGAACTT,137.94,26.30
26,C123,Tropical,GCTGAACTT,137.94,26.30
26,C189,Temperate,GCTGAACTT,137.94,26.30
26,W011,Temperate,GCTGAACTT,137.94,26.30
26,W041,Tropical,GCTGAACTT,137.94,26.30
26,W055,Intermediate,GCTGAACTT,137.94,26.30
26,W056,Temperate,GCTGAACTT,137.94,26.30
27,C087,Temperate,GCTTAACTT,158.34,23.34
27,W116,Tropical,GCTTAACTT,158.34,23.34
28,C006,Indica,GCTTTATTT,106.99,36.65
28,C007,Indica,GCTTTATTT,106.99,36.65
28,C019,Indica,GCTTTATTT,106.99,36.65
28,C030,Indica,GCTTTATTT,106.99,36.65
28,C031,Indica,GCTTTATTT,106.99,36.65
28,C037,Indica,GCTTTATTT,106.99,36.65
28,C038,Indica,GCTTTATTT,106.99,36.65
28,C044,Indica,GCTTTATTT,106.99,36.65
28,C046,Indica,GCTTTATTT,106.99,36.65
28,C105,Indica,GCTTTATTT,106.99,36.65
28,C112,Indica,GCTTTATTT,106.99,36.65
28,C113,Indica,GCTTTATTT,106.99,36.65
28,C117,Indica,GCTTTATTT,106.99,36.65
28,C151,Indica,GCTTTATTT,106.99,36.65
28,C160,Indica,GCTTTATTT,106.99,36.65
28,C165,Indica,GCTTTATTT,106.99,36.65
28,C167,Indica,GCTTTATTT,106.99,36.65
28,C169,Indica,GCTTTATTT,106.99,36.65
28,C170,Indica,GCTTTATTT,106.99,36.65
28,W040,Indica,GCTTTATTT,106.99,36.65
28,W043,Indica,GCTTTATTT,106.99,36.65
28,W046,Indica,GCTTTATTT,106.99,36.65
28,W058,Indica,GCTTTATTT,106.99,36.65
28,W138,Indica,GCTTTATTT,106.99,36.65
28,W149,Indica,GCTTTATTT,106.99,36.65
28,W150,Indica,GCTTTATTT,106.99,36.65
28,W151,Indica,GCTTTATTT,106.99,36.65
28,W152,Indica,GCTTTATTT,106.99,36.65
28,W156,Indica,GCTTTATTT,106.99,36.65
28,W163,Indica,GCTTTATTT,106.99,36.65
28,W164,Indica,GCTTTATTT,106.99,36.65
28,W169,Indica,GCTTTATTT,106.99,36.65
28,W170,Indica,GCTTTATTT,106.99,36.65
28,W174,Indica,GCTTTATTT,106.99,36.65
28,W179,Indica,GCTTTATTT,106.99,36.65
28,W180,Indica,GCTTTATTT,106.99,36.65
28,W183,Indica,GCTTTATTT,106.99,36.65
28,W185,Indica,GCTTTATTT,106.99,36.65
28,W189,Indica,GCTTTATTT,106.99,36.65
28,W200,Indica,GCTTTATTT,106.99,36.65
28,W222,Indica,GCTTTATTT,106.99,36.65
28,W224,Indica,GCTTTATTT,106.99,36.65
28,W228,Indica,GCTTTATTT,106.99,36.65
28,W229,Indica,GCTTTATTT,106.99,36.65
28,W233,Indica,GCTTTATTT,106.99,36.65
28,W236,Indica,GCTTTATTT,106.99,36.65
28,W244,Indica,GCTTTATTT,106.99,36.65
28,W245,Indica,GCTTTATTT,106.99,36.65
28,W248,Indica,GCTTTATTT,106.99,36.65
28,W259,Indica,GCTTTATTT,106.99,36.65
28,W263,Indica,GCTTTATTT,106.99,36.65
28,W264,Indica,GCTTTATTT,106.99,36.65
28,W265,Indica,GCTTTATTT,106.99,36.65
28,W268,Indica,GCTTTATTT,106.99,36.65
28,W271,Indica,GCTTTATTT,106.99,36.65
28,W276,Indica,GCTTTATTT,106.99,36.65
28,W293,Indica,GCTTTATTT,106.99,36.65
28,W294,Intermediate,GCTTTATTT,106.99,36.65
28,W295,Indica,GCTTTATTT,106.99,36.65
28,W300,Tropical,GCTTTATTT,106.99,36.65
28,W307,Indica,GCTTTATTT,106.99,36.65
28,W308,Indica,GCTTTATTT,106.99,36.65
28,W309,Indica,GCTTTATTT,106.99,36.65
28,W312,Indica,GCTTTATTT,106.99,36.65
28,W315,Indica,GCTTTATTT,106.99,36.65
28,W317,Indica,GCTTTATTT,106.99,36.65
29,C005,Tropical,GCTTAATTC,153.75,18.43
29,W002,Tropical,GCTTAATTC,153.75,18.43
29,W004,Tropical,GCTTAATTC,153.75,18.43
29,W110,Tropical,GCTTAATTC,153.75,18.43
29,W284,Tropical,GCTTAATTC,153.75,18.43
30,W007,Tropical,GCTGAATTC,150.40,29.37
30,W273,Tropical,GCTGAATTC,150.40,29.37
30,W288,Tropical,GCTGAATTC,150.40,29.37
31,C008,Indica,GCTGTATTC,127.77,34.27
31,C027,Indica,GCTGTATTC,127.77,34.27
31,C041,Indica,GCTTTATTC,127.77,31.99
31,C045,Indica,GCTGTATTC,127.77,34.27
31,C091,Indica,GCTTTATTC,127.77,31.99
31,C092,Indica,GCTTTATTC,127.77,31.99
31,C127,Indica,GCTTTATTC,127.77,31.99
31,C131,Indica,GCTTTATTC,127.77,31.99
31,C176,Indica,GCTTTATTC,127.77,31.99
31,C191,Indica,GCTTTATTC,127.77,31.99
31,W073,Indica,GCTTTATTC,127.77,31.99
31,W085,Indica,GCTGTATTC,127.77,34.27
31,W101,Indica,GCTTTATTC,127.77,31.99
31,W133,Indica,GCTTTATTC,127.77,31.99
31,W188,Indica,GCTGTATTC,127.77,34.27
31,W199,Indica,GCTTTATTC,127.77,31.99
31,W206,Indica,GCTTTATTC,127.77,31.99
31,W239,Indica,GCTGTATTC,127.77,34.27
31,W246,Indica,GCTTTATTC,127.77,31.99
31,W260,Tropical,GCTGTATTC,127.77,34.27
31,W266,Indica,GCTTTATTC,127.77,31.99
31,W269,Indica,GCTTTATTC,127.77,31.99
31,W270,Indica,GCTTTATTC,127.77,31.99
31,W329,Tropical,GCTGTATTC,127.77,34.27
32,C094,Indica,GTTGTATTC,154.87,12.40
33,C066,Indica,GCTGTTTTC,142.91,26.49
33,C099,Indica,GCTGTTTTC,142.91,26.49
33,W033,Indica,GCTGTTTTC,142.91,26.49
33,W107,Indica,GCTGTTTTC,142.91,26.49
33,W191,Intermediate,GCTGTTTTC,142.91,26.49
33,W192,Intermediate,GCTGTTTTC,142.91,26.49
34,W147,Indica,GCTGTTTTT,110.89,44.76
34,W154,Indica,GCTGTTTTT,110.89,44.76
34,W172,Indica,GCTGTTTTT,110.89,44.76
34,W194,Indica,GCTGTTTTT,110.89,44.76
34,W299,Indica,GCTGTTTTT,110.89,44.76
34,W304,Intermediate,GCTGTTTTT,110.89,44.76
34,W321,Indica,GCTGTTTTT,110.89,44.76
35,C072,Indica,GCTTTTTTT,134.65,29.15
35,C107,Indica,GCTTTTTTT,134.65,29.15
35,C142,Indica,GCTTTTTTT,134.65,29.15
35,C162,Indica,GCTTTTTTT,134.65,29.15
35,C175,Indica,GCTTTTTTT,134.65,29.15
35,C192,Indica,GCTTTTTTT,134.65,29.15
35,W148,Indica,GCTTTTTTT,134.65,29.15
35,W181,Indica,GCTTTTTTT,134.65,29.15
35,W274,Indica,GCTTTTTTT,134.65,29.15
35,W291,Indica,GCTTTTTTT,134.65,29.15
35,W298,Indica,GCTTTTTTT,134.65,29.15
36,C078,Indica,GCTTTTTTC,133.73,22.11
36,C173,Indica,GCTTTTTTC,133.73,22.11
36,W084,Indica,GCTTTTTTC,133.73,22.11
37,C139,Indica,GCTTTTCTC,185.33,30.61
38,W112,Indica,GCTTTTCTT,167.20,30.61
39,C014,Japonica,ACTGTATTT,91.42,24.52
39,C051,Intermediate,ACTGTATTT,91.42,24.52
39,C119,Temperate,ACTGTATTT,91.42,24.52
39,W087,Indica,ACTGTATTT,91.42,24.52
39,W120,Temperate,ACTGTATTT,91.42,24.52
39,W226,Temperate,ACTGTATTT,91.42,24.52
40,W155,Indica,ACTGTTTTT,98.40,35.19
41,W119,Tropical,ACTGAATTT,95.40,21.24
42,C153,Tropical,GCTGAATTT,144.14,32.97
42,W005,Tropical,GCTGAATTT,144.14,32.97
42,W006,Tropical,GCTGAATTT,144.14,32.97
42,W008,Tropical,GCTGAATTT,144.14,32.97
42,W017,Tropical,GCTGAATTT,144.14,32.97
42,W022,Tropical,GCTGAATTT,144.14,32.97
42,W024,Tropical,GCTGAATTT,144.14,32.97
42,W053,Tropical,GCTGAATTT,144.14,32.97
42,W057,Tropical,GCTGAATTT,144.14,32.97
42,W065,Tropical,GCTGAATTT,144.14,32.97
42,W067,Tropical,GCTGAATTT,144.14,32.97
42,W113,Tropical,GCTGAATTT,144.14,32.97
42,W123,Tropical,GCTGAATTT,144.14,32.97
42,W208,Temperate,GCTGAATTT,144.14,32.97
42,W251,Tropical,GCTGAATTT,144.14,32.97
42,W253,Tropical,GCTGAATTT,144.14,32.97
42,W254,Tropical,GCTGAATTT,144.14,32.97
42,W257,Tropical,GCTGAATTT,144.14,32.97
42,W275,Tropical,GCTGAATTT,144.14,32.97
42,W303,Tropical,GCTGAATTT,144.14,32.97
43,W285,Tropical,GCTTAATTT,134.60,23.34
44,C009,Indica,GCTGTATTT,106.51,36.45
44,C011,Indica,GCTGTATTT,106.51,36.45
44,C022,Indica,GCTGTATTT,106.51,36.45
44,C025,Indica,GCTGTATTT,106.51,36.45
44,C042,Indica,GCTGTATTT,106.51,36.45
44,C043,Indica,GCTGTATTT,106.51,36.45
44,C049,Indica,GCTGTATTT,106.51,36.45
44,C050,Indica,GCTGTATTT,106.51,36.45
44,C053,Indica,GCTGTATTT,106.51,36.45
44,C061,Indica,GCTGTATTT,106.51,36.45
44,C062,Indica,GCTGTATTT,106.51,36.45
44,C065,Indica,GCTGTATTT,106.51,36.45
44,C068,Indica,GCTGTATTT,106.51,36.45
44,C069,Indica,GCTGTATTT,106.51,36.45
44,C115,Indica,GCTGTATTT,106.51,36.45
44,C147,Indica,GCTGTATTT,106.51,36.45
44,C148,Indica,GCTGTATTT,106.51,36.45
44,C163,Indica,GCTGTATTT,106.51,36.45
44,C164,Indica,GCTGTATTT,106.51,36.45
44,C166,Indica,GCTGTATTT,106.51,36.45
44,C168,Indica,GCTGTATTT,106.51,36.45
44,C174,Indica,GCTGTATTT,106.51,36.45
44,C178,Indica,GCTGTATTT,106.51,36.45
44,W044,Indica,GCTGTATTT,106.51,36.45
44,W051,Indica,GCTGTATTT,106.51,36.45
44,W083,Indica,GCTGTATTT,106.51,36.45
44,W086,Indica,GCTGTATTT,106.51,36.45
44,W118,Tropical,GCTGTATTT,106.51,36.45
44,W153,Indica,GCTGTATTT,106.51,36.45
44,W157,Indica,GCTGTATTT,106.51,36.45
44,W159,Indica,GCTGTATTT,106.51,36.45
44,W161,Indica,GCTGTATTT,106.51,36.45
44,W165,Indica,GCTGTATTT,106.51,36.45
44,W166,Indica,GCTGTATTT,106.51,36.45
44,W167,Indica,GCTGTATTT,106.51,36.45
44,W168,Indica,GCTGTATTT,106.51,36.45
44,W176,Indica,GCTGTATTT,106.51,36.45
44,W177,Indica,GCTGTATTT,106.51,36.45
44,W182,Indica,GCTGTATTT,106.51,36.45
44,W184,Indica,GCTGTATTT,106.51,36.45
44,W186,Indica,GCTGTATTT,106.51,36.45
44,W187,Indica,GCTGTATTT,106.51,36.45
44,W195,Indica,GCTGTATTT,106.51,36.45
44,W197,Indica,GCTGTATTT,106.51,36.45
44,W201,Indica,GCTGTATTT,106.51,36.45
44,W202,Indica,GCTGTATTT,106.51,36.45
44,W211,Indica,GCTGTATTT,106.51,36.45
44,W213,Indica,GCTGTATTT,106.51,36.45
44,W216,Indica,GCTGTATTT,106.51,36.45
44,W217,Indica,GCTGTATTT,106.51,36.45
44,W218,Indica,GCTGTATTT,106.51,36.45
44,W225,Tropical,GCTGTATTT,106.51,36.45
44,W227,Indica,GCTGTATTT,106.51,36.45
44,W231,Indica,GCTGTATTT,106.51,36.45
44,W234,Indica,GCTGTATTT,106.51,36.45
44,W237,Indica,GCTGTATTT,106.51,36.45
44,W238,Indica,GCTGTATTT,106.51,36.45
44,W242,Indica,GCTGTATTT,106.51,36.45
44,W243,Indica,GCTGTATTT,106.51,36.45
44,W262,Indica,GCTGTATTT,106.51,36.45
44,W267,Indica,GCTGTATTT,106.51,36.45
44,W289,Indica,GCTGTATTT,106.51,36.45
44,W301,Indica,GCTGTATTT,106.51,36.45
44,W311,Indica,GCTGTATTT,106.51,36.45
44,W316,Indica,GCTGTATTT,106.51,36.45
44,W318,Indica,GCTGTATTT,106.51,36.45
44,W322,Indica,GCTGTATTT,106.51,36.45
45,C002,VI/Aromatic,GCCTTTCCC,166.35,29.34
45,C015,Aus,GCCTTTCCC,166.35,29.34
45,W077,VI/Aromatic,GCCTTTCCC,166.35,29.34
45,W136,VI/Aromatic,GCCTTTCCC,166.35,29.34
45,W220,VI/Aromatic,GCCTTTCCC,166.35,29.34
45,W277,Aus,GCCTTTCCC,166.35,29.34
45,W330,Aus,GCCTTTCCC,166.35,29.34
46,W048,Aus,GCCGTTCCC,162.78,38.58
46,W091,Aus,GCCGTTCCC,162.78,38.58
46,W095,Aus,GCCGTTCCC,162.78,38.58
46,W219,VI/Aromatic,GCCGTTCCC,162.78,38.58
46,W252,VI/Aromatic,GCCGTTCCC,162.78,38.58
46,W255,VI/Aromatic,GCCGTTCCC,162.78,38.58
46,W278,Aus,GCCGTTCCC,162.78,38.58
46,W279,Aus,GCCGTTCCC,162.78,38.58
47,W014,VI/Aromatic,GCCGTTCCT,158.00,29.41
48,C202,Indica,GCCTTTTCC,176.33,16.82
49,W020,Aus,GCCGTTTCC,136.60,31.19
50,W079,Intermediate,GCCGTTTCT,147.60,31.19
51,C013,Aus,GCCTTTCTC,154.49,38.44
51,W015,Aus,GCCTTTCTC,154.49,38.44
51,W025,Aus,GCCTTTCTC,154.49,38.44
51,W034,Aus,GCCTTTCTC,154.49,38.44
51,W042,Indica,GCCTTTCTC,154.49,38.44
51,W072,Aus,GCCTTTCTC,154.49,38.44
51,W103,Aus,GCCTTTCTC,154.49,38.44
51,W121,Aus,GCCTTTCTC,154.49,38.44
51,W141,Aus,GCCTTTCTC,154.49,38.44
51,W215,Aus,GCCTTTCTC,154.49,38.44
51,W280,Aus,GCCTTTCTC,154.49,38.44
51,W296,Aus,GCCTTTCTC,154.49,38.44
51,W297,Aus,GCCTTTCTC,154.49,38.44
52,W028,Aus,GTCGTTCTC,164.20,29.82
53,W037,Indica,GCCGTTCTC,154.88,37.37
53,W069,Aus,GCCGTTCTC,154.88,37.37
53,W076,Aus,GCCGTTCTC,154.88,37.37
53,W090,Aus,GCCGTTCTC,154.88,37.37
53,W092,Aus,GCCGTTCTC,154.88,37.37
53,W094,Aus,GCCGTTCTC,154.88,37.37
53,W096,Aus,GCCGTTCTC,154.88,37.37
53,W098,Aus,GCCGTTCTC,154.88,37.37
53,W099,Aus,GCCGTTCTC,154.88,37.37
53,W100,Aus,GCCGTTCTC,154.88,37.37
53,W104,Aus,GCCGTTCTC,154.88,37.37
53,W108,Aus,GCCGTTCTC,154.88,37.37
53,W115,Aus,GCCGTTCTC,154.88,37.37
53,W131,Aus,GCCGTTCTC,154.88,37.37
53,W142,Aus,GCCGTTCTC,154.88,37.37
53,W214,Aus,GCCGTTCTC,154.88,37.37
53,W286,Aus,GCCGTTCTC,154.88,37.37
53,W287,Aus,GCCGTTCTC,154.88,37.37
53,W292,Aus,GCCGTTCTC,154.88,37.37
54,C073,Indica,GCCTTTTTC,167.38,26.76
54,C088,Indica,GCCTTTTTC,167.38,26.76
54,C096,Indica,GCCTTTTTC,167.38,26.76
54,C100,Indica,GCCTTTTTC,167.38,26.76
54,C129,Indica,GCCTTTTTC,167.38,26.76
54,C135,Indica,GCCTTTTTC,167.38,26.76
54,C136,Indica,GCCTTTTTC,167.38,26.76
54,C141,Indica,GCCTTTTTC,167.38,26.76
54,C190,Indica,GCCTTTTTC,167.38,26.76
54,C198,Indica,GCCTTTTTC,167.38,26.76
54,C199,Indica,GCCTTTTTC,167.38,26.76
54,C200,Indica,GCCTTTTTC,167.38,26.76
54,C201,Indica,GCCTTTTTC,167.38,26.76
54,W031,Indica,GCCTTTTTC,167.38,26.76
54,W032,Indica,GCCTTTTTC,167.38,26.76
54,W039,Indica,GCCTTTTTC,167.38,26.76
54,W126,Indica,GCCTTTTTC,167.38,26.76
54,W272,Indica,GCCTTTTTC,167.38,26.76
54,W320,Indica,GCCTTTTTC,167.38,26.76
55,W235,Indica,GTCTTTTTC,148.40,56.42
56,C095,Indica,GCCGTTTTC,153.94,35.45
56,W026,Indica,GCCGTTTTC,153.94,35.45
56,W036,Indica,GCCGTTTTC,153.94,35.45
56,W124,Indica,GCCGTTTTC,153.94,35.45
57,W023,Indica,GCCGTTTTT,131.32,38.68
57,W066,Indica,GCCGTTTTT,131.32,38.68
57,W089,Indica,GCCGTTTTT,131.32,38.68
57,W093,Indica,GCCGTTTTT,131.32,38.68
57,W241,Indica,GCCGTTTTT,131.32,38.68
58,C047,Indica,GCCTTTTTT,171.35,24.03
58,C080,Indica,GCCTTTTTT,171.35,24.03
58,C097,Indica,GCCTTTTTT,171.35,24.03
58,C104,Indica,GCCTTTTTT,171.35,24.03
58,C108,Indica,GCCTTTTTT,171.35,24.03
58,C109,Indica,GCCTTTTTT,171.35,24.03
58,C194,Indica,GCCTTTTTT,171.35,24.03
58,W009,Indica,GCCTTTTTT,171.35,24.03
58,W054,Indica,GCCTTTTTT,171.35,24.03
58,W111,Indica,GCCTTTTTT,171.35,24.03
58,W203,Indica,GCCTTTTTT,171.35,24.03
59,W140,Aus,GCCTTTCTT,145.80,34.20
60,W106,Aus,GCCGTTCTT,169.40,34.20
61,C086,Aus,GCCTTACTC,163.03,34.02
61,C098,Indica,GCCTTACTC,163.03,34.02
61,W035,Indica,GCCTTACTC,163.03,34.02
61,W075,Indica,GCCTTACTC,163.03,34.02
61,W105,Aus,GCCTTACTC,163.03,34.02
61,W129,VI/Aromatic,GCCTTACTC,163.03,34.02
61,W137,Indica,GCCTTACTC,163.03,34.02
62,W047,Japonica,GCCTTACCT,203.20,18.86
63,W258,VI/Aromatic,GCCTTACCC,158.40,33.53
64,W081,VI/Aromatic,GCCGTACCC,145.10,24.24
64,W256,VI/Aromatic,GCCGTACCC,145.10,24.24
65,W049,Aus,GCCGTACTC,156.90,37.55
65,W134,Aus,GCCGTACTC,156.90,37.55
66,W145,Indica,GCCTTACTT,177.40,25.75
67,W030,Indica,GCCGTACTT,172.60,42.82
68,C055,Indica,GCCTTATTT,157.02,32.29
68,C090,Indica,GCCTTATTT,157.02,32.29
68,C132,Indica,GCCTTATTT,157.02,32.29
68,C197,Indica,GCCTTATTT,157.02,32.29
68,W080,Indica,GCCTTATTT,157.02,32.29
68,W204,Indica,GCCTTATTT,157.02,32.29
68,W205,Indica,GCCTTATTT,157.02,32.29
69,C076,Indica,GCCTTATCC,147.11,17.49
69,C077,Indica,GCCTTATCC,147.11,17.49
69,C081,Indica,GCCTTATCC,147.11,17.49
69,C184,Indica,GCCTTATCC,147.11,17.49
69,W001,Indica,GCCTTATCC,147.11,17.49
70,W210,Indica,GCCTTATCT,168.30,71.13
70,W247,Indica,GCCTTATCT,168.30,71.13
71,C110,Indica,GCCTTATTC,165.02,32.75
71,C140,Indica,GCCTTATTC,165.02,32.75
71,C182,Indica,GCCTTATTC,165.02,32.75
71,W074,Indica,GCCTTATTC,165.02,32.75
71,W144,Indica,GCCTTATTC,165.02,32.75
71,W198,Indica,GCCTTATTC,165.02,32.75
71,W212,Indica,GCCTTATTC,165.02,32.75
72,C125,Indica,GCCGTATTC,148.68,21.76
72,C143,Indica,GCCGTATTC,148.68,21.76
72,W114,Indica,GCCGTATTC,148.68,21.76
72,W282,Indica,GCCGTATTC,148.68,21.76
72,W314,Indica,GCCGTATTC,148.68,21.76
73,C102,Indica,GCCGTATTT,117.34,37.47
73,W071,Indica,GCCGTATTT,117.34,37.47
73,W146,Indica,GCCGTATTT,117.34,37.47
73,W178,Indica,GCCGTATTT,117.34,37.47
73,W221,Indica,GCCGTATTT,117.34,37.47
73,W310,Indica,GCCGTATTT,117.34,37.47
