Cluster ID,Sequences,height
1,GCTTTTCCC,138.27
1,GCTTTTCCC,138.27
2,GCTGTTCCC,129.6
3,GCTTTTTCC,156.07
3,GCTTTTTCC,156.07
3,GCTTTTTCC,156.07
3,GCTTTTTCC,156.07
3,GCTTTTTCC,156.07
4,GCTTTTTCT,122.87
4,GCTTTTTCT,122.87
5,GCTTTATCC,131.27
5,GCTTTATCC,131.27
6,GCTTTATCT,96.64
6,GCTTTATCT,96.64
6,GCTTTATCT,96.64
6,GCTTTATCT,96.64
6,GCTTTATCT,96.64
6,GCTTTATCT,96.64
6,GCTTTATCT,96.64
6,GCTTTATCT,96.64
6,GCTTTATCT,96.64
6,GCTTTATCT,96.64
6,GCTTTATCT,96.64
6,GCTTTATCT,96.64
6,GCTTTATCT,96.64
7,ACTTTATCT,88.18
7,ACTTTATCT,88.18
7,ACTTTATCT,88.18
8,GCTGTATCT,91.45
8,GCTGTATCT,91.45
8,GCTGTATCT,91.45
9,GCTGAATCT,174.7
10,GCTGTACTT,121.36
10,GCTGTACTT,121.36
10,GCTGTACTT,121.36
10,GCTGTACTT,121.36
10,GCTGTACTT,121.36
10,GCTGTACTT,121.36
10,GCTGTACTT,121.36
10,GCTTTACTT,121.36
10,GCTGTACTT,121.36
10,GCTGTACTT,121.36
10,GCTGTACTT,121.36
10,GCTGTACTT,121.36
10,GCTTTACTT,121.36
10,GCTGTACTT,121.36
10,GCTGTACTT,121.36
10,GCTGTACTT,121.36
10,GCTGTACTT,121.36
10,GCTGTACTT,121.36
10,GCTGTACTT,121.36
10,GCTGTACTT,121.36
10,GCTTTACTT,121.36
10,GCTGTACTT,121.36
10,GCTGTACTT,121.36
10,GCTGTACTT,121.36
10,GCTGTACTT,121.36
10,GCTTTACTT,121.36
10,GCTTTACTT,121.36
10,GCTGTACTT,121.36
10,GCTGTACTT,121.36
10,GCTTTACTT,121.36
11,GCTGAACTC,165.35
11,GCTGAACTC,165.35
11,GCTGAACTC,165.35
11,GCTGAACTC,165.35
11,GCTGAACTC,165.35
11,GCTGAACTC,165.35
11,GCTGAACTC,165.35
11,GCTGAACTC,165.35
11,GCTGAACTC,165.35
12,GCTGAACCC,186.68
12,GCTGAACCC,186.68
12,GCTGAACCC,186.68
12,GCTGAACCC,186.68
12,GCTGAACCC,186.68
13,GCTTAACCC,192
13,GCTTAACCC,192
13,GCTTAACCC,192
14,GCTGTACCC,159.84
14,GCTGTACCC,159.84
14,GCTGTACCC,159.84
15,GCTGTACCT,97.72
15,GCTGTACCT,97.72
15,GCTGTACCT,97.72
16,GCTGTACTC,147.23
16,GCTGTACTC,147.23
16,GCTGTACTC,147.23
16,GCTGTACTC,147.23
16,GCTGTACTC,147.23
16,GCTGTACTC,147.23
16,GCTGTACTC,147.23
16,GCTGTACTC,147.23
16,GCTGTACTC,147.23
16,GCTGTACTC,147.23
16,GCTGTACTC,147.23
16,GCTGTACTC,147.23
16,GCTGTACTC,147.23
16,GCTGTACTC,147.23
16,GCTGTACTC,147.23
17,GCTTTACTC,172.8
18,ACTGAACTT,120.78
18,ACTGAACTT,120.78
18,ACTGAACTT,120.78
18,ACTGAACTT,120.78
18,ACTGAACTT,120.78
19,ACTGAACCC,115.54
20,ACTGAACCT,100.82
20,ACTGAACCT,100.82
20,ACTGAACCT,100.82
21,ACTGAACTC,140.4
22,ACCGATCTT,149.8
23,ACTGTTCTT,152
24,ACTGTACTT,99.38
24,ACTGTACTT,99.38
24,ACTGTACTT,99.38
24,ACTGTACTT,99.38
24,ACTGTACTT,99.38
24,ACTGTACTT,99.38
24,ACTGTACTT,99.38
24,ACTGTACTT,99.38
24,ACTGTACTT,99.38
24,ACTGTACTT,99.38
24,ACTGTACTT,99.38
24,ACTGTACTT,99.38
24,ACTGTACTT,99.38
24,ACTGTACTT,99.38
24,ACTGTACTT,99.38
24,ACTGTACTT,99.38
24,ACTGTACTT,99.38
24,ACTGTACTT,99.38
24,ACTGTACTT,99.38
24,ACTGTACTT,99.38
24,ACTGTACTT,99.38
24,ACTGTACTT,99.38
24,ACTGTACTT,99.38
24,ACTGTACTT,99.38
24,ACTGTACTT,99.38
24,ACTGTACTT,99.38
24,ACTGTACTT,99.38
24,ACTGTACTT,99.38
24,ACTGTACTT,99.38
24,ACTGTACTT,99.38
24,ACTGTACTT,99.38
24,ACTGTACTT,99.38
24,ACTGTACTT,99.38
24,ACTGTACTT,99.38
24,ACTGTACTT,99.38
24,ACTGTACTT,99.38
25,ACTGTACTC,124.12
25,ACTGTACTC,124.12
25,ACTGTACTC,124.12
25,ACTGTACTC,124.12
25,ACTGTACTC,124.12
26,GCTGAACTT,137.94
26,GCTGAACTT,137.94
26,GCTGAACTT,137.94
26,GCTGAACTT,137.94
26,GCTGAACTT,137.94
26,GCTGAACTT,137.94
26,GCTGAACTT,137.94
27,GCTTAACTT,158.34
27,GCTTAACTT,158.34
28,GCTTTATTT,106.99
28,GCTTTATTT,106.99
28,GCTTTATTT,106.99
28,GCTTTATTT,106.99
28,GCTTTATTT,106.99
28,GCTTTATTT,106.99
28,GCTTTATTT,106.99
28,GCTTTATTT,106.99
28,GCTTTATTT,106.99
28,GCTTTATTT,106.99
28,GCTTTATTT,106.99
28,GCTTTATTT,106.99
28,GCTTTATTT,106.99
28,GCTTTATTT,106.99
28,GCTTTATTT,106.99
28,GCTTTATTT,106.99
28,GCTTTATTT,106.99
28,GCTTTATTT,106.99
28,GCTTTATTT,106.99
28,GCTTTATTT,106.99
28,GCTTTATTT,106.99
28,GCTTTATTT,106.99
28,GCTTTATTT,106.99
28,GCTTTATTT,106.99
28,GCTTTATTT,106.99
28,GCTTTATTT,106.99
28,GCTTTATTT,106.99
28,GCTTTATTT,106.99
28,GCTTTATTT,106.99
28,GCTTTATTT,106.99
28,GCTTTATTT,106.99
28,GCTTTATTT,106.99
28,GCTTTATTT,106.99
28,GCTTTATTT,106.99
28,GCTTTATTT,106.99
28,GCTTTATTT,106.99
28,GCTTTATTT,106.99
28,GCTTTATTT,106.99
28,GCTTTATTT,106.99
28,GCTTTATTT,106.99
28,GCTTTATTT,106.99
28,GCTTTATTT,106.99
28,GCTTTATTT,106.99
28,GCTTTATTT,106.99
28,GCTTTATTT,106.99
28,GCTTTATTT,106.99
28,GCTTTATTT,106.99
28,GCTTTATTT,106.99
28,GCTTTATTT,106.99
28,GCTTTATTT,106.99
28,GCTTTATTT,106.99
28,GCTTTATTT,106.99
28,GCTTTATTT,106.99
28,GCTTTATTT,106.99
28,GCTTTATTT,106.99
28,GCTTTATTT,106.99
28,GCTTTATTT,106.99
28,GCTTTATTT,106.99
28,GCTTTATTT,106.99
28,GCTTTATTT,106.99
28,GCTTTATTT,106.99
28,GCTTTATTT,106.99
28,GCTTTATTT,106.99
28,GCTTTATTT,106.99
28,GCTTTATTT,106.99
28,GCTTTATTT,106.99
29,GCTTAATTC,153.75
29,GCTTAATTC,153.75
29,GCTTAATTC,153.75
29,GCTTAATTC,153.75
29,GCTTAATTC,153.75
30,GCTGAATTC,150.4
30,GCTGAATTC,150.4
30,GCTGAATTC,150.4
31,GCTGTATTC,127.77
31,GCTGTATTC,127.77
31,GCTTTATTC,127.77
31,GCTGTATTC,127.77
31,GCTTTATTC,127.77
31,GCTTTATTC,127.77
31,GCTTTATTC,127.77
31,GCTTTATTC,127.77
31,GCTTTATTC,127.77
31,GCTTTATTC,127.77
31,GCTTTATTC,127.77
31,GCTGTATTC,127.77
31,GCTTTATTC,127.77
31,GCTTTATTC,127.77
31,GCTGTATTC,127.77
31,GCTTTATTC,127.77
31,GCTTTATTC,127.77
31,GCTGTATTC,127.77
31,GCTTTATTC,127.77
31,GCTGTATTC,127.77
31,GCTTTATTC,127.77
31,GCTTTATTC,127.77
31,GCTTTATTC,127.77
31,GCTGTATTC,127.77
32,GTTGTATTC,154.87
33,GCTGTTTTC,142.91
33,GCTGTTTTC,142.91
33,GCTGTTTTC,142.91
33,GCTGTTTTC,142.91
33,GCTGTTTTC,142.91
33,GCTGTTTTC,142.91
34,GCTGTTTTT,110.89
34,GCTGTTTTT,110.89
34,GCTGTTTTT,110.89
34,GCTGTTTTT,110.89
34,GCTGTTTTT,110.89
34,GCTGTTTTT,110.89
34,GCTGTTTTT,110.89
35,GCTTTTTTT,134.65
35,GCTTTTTTT,134.65
35,GCTTTTTTT,134.65
35,GCTTTTTTT,134.65
35,GCTTTTTTT,134.65
35,GCTTTTTTT,134.65
35,GCTTTTTTT,134.65
35,GCTTTTTTT,134.65
35,GCTTTTTTT,134.65
35,GCTTTTTTT,134.65
35,GCTTTTTTT,134.65
36,GCTTTTTTC,133.73
36,GCTTTTTTC,133.73
36,GCTTTTTTC,133.73
37,GCTTTTCTC,185.33
38,GCTTTTCTT,167.2
39,ACTGTATTT,91.42
39,ACTGTATTT,91.42
39,ACTGTATTT,91.42
39,ACTGTATTT,91.42
39,ACTGTATTT,91.42
39,ACTGTATTT,91.42
40,ACTGTTTTT,98.4
41,ACTGAATTT,95.4
42,GCTGAATTT,144.14
42,GCTGAATTT,144.14
42,GCTGAATTT,144.14
42,GCTGAATTT,144.14
42,GCTGAATTT,144.14
42,GCTGAATTT,144.14
42,GCTGAATTT,144.14
42,GCTGAATTT,144.14
42,GCTGAATTT,144.14
42,GCTGAATTT,144.14
42,GCTGAATTT,144.14
42,GCTGAATTT,144.14
42,GCTGAATTT,144.14
42,GCTGAATTT,144.14
42,GCTGAATTT,144.14
42,GCTGAATTT,144.14
42,GCTGAATTT,144.14
42,GCTGAATTT,144.14
42,GCTGAATTT,144.14
42,GCTGAATTT,144.14
43,GCTTAATTT,134.6
44,GCTGTATTT,106.51
44,GCTGTATTT,106.51
44,GCTGTATTT,106.51
44,GCTGTATTT,106.51
44,GCTGTATTT,106.51
44,GCTGTATTT,106.51
44,GCTGTATTT,106.51
44,GCTGTATTT,106.51
44,GCTGTATTT,106.51
44,GCTGTATTT,106.51
44,GCTGTATTT,106.51
44,GCTGTATTT,106.51
44,GCTGTATTT,106.51
44,GCTGTATTT,106.51
44,GCTGTATTT,106.51
44,GCTGTATTT,106.51
44,GCTGTATTT,106.51
44,GCTGTATTT,106.51
44,GCTGTATTT,106.51
44,GCTGTATTT,106.51
44,GCTGTATTT,106.51
44,GCTGTATTT,106.51
44,GCTGTATTT,106.51
44,GCTGTATTT,106.51
44,GCTGTATTT,106.51
44,GCTGTATTT,106.51
44,GCTGTATTT,106.51
44,GCTGTATTT,106.51
44,GCTGTATTT,106.51
44,GCTGTATTT,106.51
44,GCTGTATTT,106.51
44,GCTGTATTT,106.51
44,GCTGTATTT,106.51
44,GCTGTATTT,106.51
44,GCTGTATTT,106.51
44,GCTGTATTT,106.51
44,GCTGTATTT,106.51
44,GCTGTATTT,106.51
44,GCTGTATTT,106.51
44,GCTGTATTT,106.51
44,GCTGTATTT,106.51
44,GCTGTATTT,106.51
44,GCTGTATTT,106.51
44,GCTGTATTT,106.51
44,GCTGTATTT,106.51
44,GCTGTATTT,106.51
44,GCTGTATTT,106.51
44,GCTGTATTT,106.51
44,GCTGTATTT,106.51
44,GCTGTATTT,106.51
44,GCTGTATTT,106.51
44,GCTGTATTT,106.51
44,GCTGTATTT,106.51
44,GCTGTATTT,106.51
44,GCTGTATTT,106.51
44,GCTGTATTT,106.51
44,GCTGTATTT,106.51
44,GCTGTATTT,106.51
44,GCTGTATTT,106.51
44,GCTGTATTT,106.51
44,GCTGTATTT,106.51
44,GCTGTATTT,106.51
44,GCTGTATTT,106.51
44,GCTGTATTT,106.51
44,GCTGTATTT,106.51
44,GCTGTATTT,106.51
44,GCTGTATTT,106.51
45,GCCTTTCCC,166.35
45,GCCTTTCCC,166.35
45,GCCTTTCCC,166.35
45,GCCTTTCCC,166.35
45,GCCTTTCCC,166.35
45,GCCTTTCCC,166.35
45,GCCTTTCCC,166.35
46,GCCGTTCCC,162.78
46,GCCGTTCCC,162.78
46,GCCGTTCCC,162.78
46,GCCGTTCCC,162.78
46,GCCGTTCCC,162.78
46,GCCGTTCCC,162.78
46,GCCGTTCCC,162.78
46,GCCGTTCCC,162.78
47,GCCGTTCCT,158
48,GCCTTTTCC,176.33
49,GCCGTTTCC,136.6
50,GCCGTTTCT,147.6
51,GCCTTTCTC,154.49
51,GCCTTTCTC,154.49
51,GCCTTTCTC,154.49
51,GCCTTTCTC,154.49
51,GCCTTTCTC,154.49
51,GCCTTTCTC,154.49
51,GCCTTTCTC,154.49
51,GCCTTTCTC,154.49
51,GCCTTTCTC,154.49
51,GCCTTTCTC,154.49
51,GCCTTTCTC,154.49
51,GCCTTTCTC,154.49
51,GCCTTTCTC,154.49
52,GTCGTTCTC,164.2
53,GCCGTTCTC,154.88
53,GCCGTTCTC,154.88
53,GCCGTTCTC,154.88
53,GCCGTTCTC,154.88
53,GCCGTTCTC,154.88
53,GCCGTTCTC,154.88
53,GCCGTTCTC,154.88
53,GCCGTTCTC,154.88
53,GCCGTTCTC,154.88
53,GCCGTTCTC,154.88
53,GCCGTTCTC,154.88
53,GCCGTTCTC,154.88
53,GCCGTTCTC,154.88
53,GCCGTTCTC,154.88
53,GCCGTTCTC,154.88
53,GCCGTTCTC,154.88
53,GCCGTTCTC,154.88
53,GCCGTTCTC,154.88
53,GCCGTTCTC,154.88
54,GCCTTTTTC,167.38
54,GCCTTTTTC,167.38
54,GCCTTTTTC,167.38
54,GCCTTTTTC,167.38
54,GCCTTTTTC,167.38
54,GCCTTTTTC,167.38
54,GCCTTTTTC,167.38
54,GCCTTTTTC,167.38
54,GCCTTTTTC,167.38
54,GCCTTTTTC,167.38
54,GCCTTTTTC,167.38
54,GCCTTTTTC,167.38
54,GCCTTTTTC,167.38
54,GCCTTTTTC,167.38
54,GCCTTTTTC,167.38
54,GCCTTTTTC,167.38
54,GCCTTTTTC,167.38
54,GCCTTTTTC,167.38
54,GCCTTTTTC,167.38
55,GTCTTTTTC,148.4
56,GCCGTTTTC,153.94
56,GCCGTTTTC,153.94
56,GCCGTTTTC,153.94
56,GCCGTTTTC,153.94
57,GCCGTTTTT,131.32
57,GCCGTTTTT,131.32
57,GCCGTTTTT,131.32
57,GCCGTTTTT,131.32
57,GCCGTTTTT,131.32
58,GCCTTTTTT,171.35
58,GCCTTTTTT,171.35
58,GCCTTTTTT,171.35
58,GCCTTTTTT,171.35
58,GCCTTTTTT,171.35
58,GCCTTTTTT,171.35
58,GCCTTTTTT,171.35
58,GCCTTTTTT,171.35
58,GCCTTTTTT,171.35
58,GCCTTTTTT,171.35
58,GCCTTTTTT,171.35
59,GCCTTTCTT,145.8
60,GCCGTTCTT,169.4
61,GCCTTACTC,163.03
61,GCCTTACTC,163.03
61,GCCTTACTC,163.03
61,GCCTTACTC,163.03
61,GCCTTACTC,163.03
61,GCCTTACTC,163.03
61,GCCTTACTC,163.03
62,GCCTTACCT,203.2
63,GCCTTACCC,158.4
64,GCCGTACCC,145.1
64,GCCGTACCC,145.1
65,GCCGTACTC,156.9
65,GCCGTACTC,156.9
66,GCCTTACTT,177.4
67,GCCGTACTT,172.6
68,GCCTTATTT,157.02
68,GCCTTATTT,157.02
68,GCCTTATTT,157.02
68,GCCTTATTT,157.02
68,GCCTTATTT,157.02
68,GCCTTATTT,157.02
68,GCCTTATTT,157.02
69,GCCTTATCC,147.11
69,GCCTTATCC,147.11
69,GCCTTATCC,147.11
69,GCCTTATCC,147.11
69,GCCTTATCC,147.11
70,GCCTTATCT,168.3
70,GCCTTATCT,168.3
71,GCCTTATTC,165.02
71,GCCTTATTC,165.02
71,GCCTTATTC,165.02
71,GCCTTATTC,165.02
71,GCCTTATTC,165.02
71,GCCTTATTC,165.02
71,GCCTTATTC,165.02
72,GCCGTATTC,148.68
72,GCCGTATTC,148.68
72,GCCGTATTC,148.68
72,GCCGTATTC,148.68
72,GCCGTATTC,148.68
73,GCCGTATTT,117.34
73,GCCGTATTT,117.34
73,GCCGTATTT,117.34
73,GCCGTATTT,117.34
73,GCCGTATTT,117.34
73,GCCGTATTT,117.34
