S no.,Gene Sequence,Yield
0,ACCGATCTT,46.26
1,GCCGTACTT,42.82
2,GCCGTACTC,37.55
3,GCCGTACTC,37.55
4,GCCGTACCC,24.24
5,GCCGTACCC,24.24
6,GTCGTTCTC,29.82
7,GCCGTTCTC,37.37
8,GCCGTTCTC,37.37
9,GCCGTTCTC,37.37
10,GCCGTTCTC,37.37
11,GCCGTTCTC,37.37
12,GCCGTTCTC,37.37
13,GCCGTTCTC,37.37
14,GCCGTTCTC,37.37
15,GCCGTTCTC,37.37
16,GCCGTTCTC,37.37
17,GCCGTTCTC,37.37
18,GCCGTTCTC,37.37
19,GCCGTTCTC,37.37
20,GCCGTTCTC,37.37
21,GCCGTTCTC,37.37
22,GCCGTTCTC,37.37
23,GCCGTTCTC,37.37
24,GCCGTTCTC,37.37
25,GCCGTTCTC,37.37
26,GCCGTTTCC,31.19
27,GCCGTTTCT,31.19
28,GCCGTTTTC,35.45
29,GCCGTTTTC,35.45
30,GCCGTTTTC,35.45
31,GCCGTTTTC,35.45
32,GCCGTTTTT,38.68
33,GCCGTTTTT,38.68
34,GCCGTTTTT,38.68
35,GCCGTTTTT,38.68
36,GCCGTTTTT,38.68
37,GCCGTTCCT,29.41
38,GCCGTTCCC,38.58
39,GCCGTTCCC,38.58
40,GCCGTTCCC,38.58
41,GCCGTTCCC,38.58
42,GCCGTTCCC,38.58
43,GCCGTTCCC,38.58
44,GCCGTTCCC,38.58
45,GCCGTTCCC,38.58
46,GCCTTTCTT,34.20
47,GCCGTTCTT,34.20
48,GCCTTTCTC,38.44
49,GCCTTTCTC,38.44
50,GCCTTTCTC,38.44
51,GCCTTTCTC,38.44
52,GCCTTTCTC,38.44
53,GCCTTTCTC,38.44
54,GCCTTTCTC,38.44
55,GCCTTTCTC,38.44
56,GCCTTTCTC,38.44
57,GCCTTTCTC,38.44
58,GCCTTTCTC,38.44
59,GCCTTTCTC,38.44
60,GCCTTTCTC,38.44
61,GCTTTTCTT,30.61
62,GCTTTTCTC,30.61
63,GCCTTTTTT,24.03
64,GCCTTTTTT,24.03
65,GCCTTTTTT,24.03
66,GCCTTTTTT,24.03
67,GCCTTTTTT,24.03
68,GCCTTTTTT,24.03
69,GCCTTTTTT,24.03
70,GCCTTTTTT,24.03
71,GCCTTTTTT,24.03
72,GCCTTTTTT,24.03
73,GCCTTTTTT,24.03
74,GTCTTTTTC,56.42
75,GCCTTTTTC,26.76
76,GCCTTTTTC,26.76
77,GCCTTTTTC,26.76
78,GCCTTTTTC,26.76
79,GCCTTTTTC,26.76
80,GCCTTTTTC,26.76
81,GCCTTTTTC,26.76
82,GCCTTTTTC,26.76
83,GCCTTTTTC,26.76
84,GCCTTTTTC,26.76
85,GCCTTTTTC,26.76
86,GCCTTTTTC,26.76
87,GCCTTTTTC,26.76
88,GCCTTTTTC,26.76
89,GCCTTTTTC,26.76
90,GCCTTTTTC,26.76
91,GCCTTTTTC,26.76
92,GCCTTTTTC,26.76
93,GCCTTTTTC,26.76
94,GCCTTACTT,25.75
95,GCCTTATTT,32.29
96,GCCTTATTT,32.29
97,GCCTTATTT,32.29
98,GCCTTATTT,32.29
99,GCCTTATTT,32.29
100,GCCTTATTT,32.29
101,GCCTTATTT,32.29
102,GCCTTACCT,18.86
103,GCCTTATCT,71.13
104,GCCTTATCT,71.13
105,GCCTTACCC,33.53
106,GCCTTTCCC,29.34
107,GCCTTTCCC,29.34
108,GCCTTTCCC,29.34
109,GCCTTTCCC,29.34
110,GCCTTTCCC,29.34
111,GCCTTTCCC,29.34
112,GCCTTTCCC,29.34
113,GCCTTTTCC,16.82
114,GCCTTATCC,17.49
115,GCCTTATCC,17.49
116,GCCTTATCC,17.49
117,GCCTTATCC,17.49
118,GCCTTATCC,17.49
119,GCTTTACTC,49.14
120,GCCTTACTC,34.02
121,GCCTTACTC,34.02
122,GCCTTACTC,34.02
123,GCCTTACTC,34.02
124,GCCTTACTC,34.02
125,GCCTTACTC,34.02
126,GCCTTACTC,34.02
127,GCCTTATTC,32.75
128,GCCTTATTC,32.75
129,GCCTTATTC,32.75
130,GCCTTATTC,32.75
131,GCCTTATTC,32.75
132,GCCTTATTC,32.75
133,GCCTTATTC,32.75
134,GCCGTATTC,21.76
135,GCCGTATTC,21.76
136,GCCGTATTC,21.76
137,GCCGTATTC,21.76
138,GCCGTATTC,21.76
139,GCTGTTCCC,28.41
140,GCTGTACCC,20.04
141,GCTGTACCC,20.04
142,GCTGTACCC,20.04
143,GCTTTTCCC,30.69
144,GCTTTTCCC,30.69
145,GCTTTTTCT,33.10
146,GCTTTTTCT,33.10
147,GCTGTTTTT,44.76
148,GCTGTTTTT,44.76
149,GCTGTTTTT,44.76
150,GCTGTTTTT,44.76
151,GCTGTTTTT,44.76
152,GCTGTTTTT,44.76
153,GCTGTTTTT,44.76
154,GCTTTTTTT,29.15
155,GCTTTTTTT,29.15
156,GCTTTTTTT,29.15
157,GCTTTTTTT,29.15
158,GCTTTTTTT,29.15
159,GCTTTTTTT,29.15
160,GCTTTTTTT,29.15
161,GCTTTTTTT,29.15
162,GCTTTTTTT,29.15
163,GCTTTTTTT,29.15
164,GCTTTTTTT,29.15
165,ACTTTATCT,23.69
166,ACTTTATCT,23.69
167,ACTTTATCT,23.69
168,GCTTTATCT,26.89
169,GCTTTATCT,26.89
170,GCTTTATCT,26.89
171,GCTTTATCT,26.89
172,GCTTTATCT,26.89
173,GCTTTATCT,26.89
174,GCTTTATCT,26.89
175,GCTTTATCT,26.89
176,GCTTTATCT,26.89
177,GCTTTATCT,26.89
178,GCTTTATCT,26.89
179,GCTTTATCT,26.89
180,GCTTTATCT,26.89
181,GCTTTTTTC,22.11
182,GCTTTTTTC,22.11
183,GCTTTTTTC,22.11
184,GCTTTTTCC,28.04
185,GCTTTTTCC,28.04
186,GCTTTTTCC,28.04
187,GCTTTTTCC,28.04
188,GCTTTTTCC,28.04
189,GCTTTATCC,29.34
190,GCTTTATCC,29.34
191,GCTTTATTC,31.99
192,GCTTTATTC,31.99
193,GCTTTATTC,31.99
194,GCTTTATTC,31.99
195,GCTTTATTC,31.99
196,GCTTTATTC,31.99
197,GCTTTATTC,31.99
198,GCTTTATTC,31.99
199,GCTTTATTC,31.99
200,GCTTTATTC,31.99
201,GCTTTATTC,31.99
202,GCTTTATTC,31.99
203,GCTTTATTC,31.99
204,GCTTTATTC,31.99
205,GCTTTATTC,31.99
206,GCTTTATTC,31.99
207,GCTTAACCC,12.04
208,GCTTAACCC,12.04
209,GCTTAACCC,12.04
210,GCTGAACCC,12.31
211,GCTGAACCC,12.31
212,GCTGAACCC,12.31
213,GCTGAACCC,12.31
214,GCTGAACCC,12.31
215,ACTGAACCT,28.32
216,ACTGAACCT,28.32
217,ACTGAACCT,28.32
218,ACTGAACCC,28.32
219,ACTGTACTC,23.39
220,ACTGTACTC,23.39
221,ACTGTACTC,23.39
222,ACTGTACTC,23.39
223,ACTGTACTC,23.39
224,ACTGAACTC,23.39
225,GCTGTACTC,24.40
226,GCTGTACTC,24.40
227,GCTGTACTC,24.40
228,GCTGTACTC,24.40
229,GCTGTACTC,24.40
230,GCTGTACTC,24.40
231,GCTGTACTC,24.40
232,GCTGTACTC,24.40
233,GCTGTACTC,24.40
234,GCTGTACTC,24.40
235,GCTGTACTC,24.40
236,GCTGTACTC,24.40
237,GCTGTACTC,24.40
238,GCTGTACTC,24.40
239,GCTGTACTC,24.40
240,GCTGAACTC,15.90
241,GCTGAACTC,15.90
242,GCTGAACTC,15.90
243,GCTGAACTC,15.90
244,GCTGAACTC,15.90
245,GCTGAACTC,15.90
246,GCTGAACTC,15.90
247,GCTGAACTC,15.90
248,GCTGAACTC,15.90
249,ACTGTTTTT,35.19
250,ACTGTTCTT,35.19
251,ACTGTACTT,23.67
252,ACTGTACTT,23.67
253,ACTGTACTT,23.67
254,ACTGTACTT,23.67
255,ACTGTACTT,23.67
256,ACTGTACTT,23.67
257,ACTGTACTT,23.67
258,ACTGTACTT,23.67
259,ACTGTACTT,23.67
260,ACTGTACTT,23.67
261,ACTGTACTT,23.67
262,ACTGTACTT,23.67
263,ACTGTACTT,23.67
264,ACTGTACTT,23.67
265,ACTGTACTT,23.67
266,ACTGTACTT,23.67
267,ACTGTACTT,23.67
268,ACTGTACTT,23.67
269,ACTGTACTT,23.67
270,ACTGTACTT,23.67
271,ACTGTACTT,23.67
272,ACTGTACTT,23.67
273,ACTGTACTT,23.67
274,ACTGTACTT,23.67
275,ACTGTACTT,23.67
276,ACTGTACTT,23.67
277,ACTGTACTT,23.67
278,ACTGTACTT,23.67
279,ACTGTACTT,23.67
280,ACTGTACTT,23.67
281,ACTGTACTT,23.67
282,ACTGTACTT,23.67
283,ACTGTACTT,23.67
284,ACTGTACTT,23.67
285,ACTGTACTT,23.67
286,ACTGTACTT,23.67
287,ACTGTATTT,24.52
288,ACTGTATTT,24.52
289,ACTGTATTT,24.52
290,ACTGTATTT,24.52
291,ACTGTATTT,24.52
292,ACTGTATTT,24.52
293,ACTGAATTT,21.24
294,ACTGAACTT,28.99
295,ACTGAACTT,28.99
296,ACTGAACTT,28.99
297,ACTGAACTT,28.99
298,ACTGAACTT,28.99
299,GCTGAACTT,26.30
300,GCTGAACTT,26.30
301,GCTGAACTT,26.30
302,GCTGAACTT,26.30
303,GCTGAACTT,26.30
304,GCTGAACTT,26.30
305,GCTGAACTT,26.30
306,GCTGAATTT,32.97
307,GCTGAATTT,32.97
308,GCTGAATTT,32.97
309,GCTGAATTT,32.97
310,GCTGAATTT,32.97
311,GCTGAATTT,32.97
312,GCTGAATTT,32.97
313,GCTGAATTT,32.97
314,GCTGAATTT,32.97
315,GCTGAATTT,32.97
316,GCTGAATTT,32.97
317,GCTGAATTT,32.97
318,GCTGAATTT,32.97
319,GCTGAATTT,32.97
320,GCTGAATTT,32.97
321,GCTGAATTT,32.97
322,GCTGAATTT,32.97
323,GCTGAATTT,32.97
324,GCTGAATTT,32.97
325,GCTGAATTT,32.97
326,GCTTAACTT,23.34
327,GCTTAACTT,23.34
328,GCTTAATTT,23.34
329,GCTTTACTT,29.79
330,GCTTTACTT,29.79
331,GCTTTACTT,29.79
332,GCTTTACTT,29.79
333,GCTTTACTT,29.79
334,GCTTTACTT,29.79
335,GCTTTATTT,36.65
336,GCTTTATTT,36.65
337,GCTTTATTT,36.65
338,GCTTTATTT,36.65
339,GCTTTATTT,36.65
340,GCTTTATTT,36.65
341,GCTTTATTT,36.65
342,GCTTTATTT,36.65
343,GCTTTATTT,36.65
344,GCTTTATTT,36.65
345,GCTTTATTT,36.65
346,GCTTTATTT,36.65
347,GCTTTATTT,36.65
348,GCTTTATTT,36.65
349,GCTTTATTT,36.65
350,GCTTTATTT,36.65
351,GCTTTATTT,36.65
352,GCTTTATTT,36.65
353,GCTTTATTT,36.65
354,GCTTTATTT,36.65
355,GCTTTATTT,36.65
356,GCTTTATTT,36.65
357,GCTTTATTT,36.65
358,GCTTTATTT,36.65
359,GCTTTATTT,36.65
360,GCTTTATTT,36.65
361,GCTTTATTT,36.65
362,GCTTTATTT,36.65
363,GCTTTATTT,36.65
364,GCTTTATTT,36.65
365,GCTTTATTT,36.65
366,GCTTTATTT,36.65
367,GCTTTATTT,36.65
368,GCTTTATTT,36.65
369,GCTTTATTT,36.65
370,GCTTTATTT,36.65
371,GCTTTATTT,36.65
372,GCTTTATTT,36.65
373,GCTTTATTT,36.65
374,GCTTTATTT,36.65
375,GCTTTATTT,36.65
376,GCTTTATTT,36.65
377,GCTTTATTT,36.65
378,GCTTTATTT,36.65
379,GCTTTATTT,36.65
380,GCTTTATTT,36.65
381,GCTTTATTT,36.65
382,GCTTTATTT,36.65
383,GCTTTATTT,36.65
384,GCTTTATTT,36.65
385,GCTTTATTT,36.65
386,GCTTTATTT,36.65
387,GCTTTATTT,36.65
388,GCTTTATTT,36.65
389,GCTTTATTT,36.65
390,GCTTTATTT,36.65
391,GCTTTATTT,36.65
392,GCTTTATTT,36.65
393,GCTTTATTT,36.65
394,GCTTTATTT,36.65
395,GCTTTATTT,36.65
396,GCTTTATTT,36.65
397,GCTTTATTT,36.65
398,GCTTTATTT,36.65
399,GCTTTATTT,36.65
400,GCTTTATTT,36.65
401,GCTTTATTT,36.65
402,GCTGAATCT,20.45
403,GCTGTATCT,21.01
404,GCTGTATCT,21.01
405,GCTGTATCT,21.01
406,GCTGTACCT,23.06
407,GCTGTACCT,23.06
408,GCTGTACCT,23.06
409,GCTGTACTT,26.16
410,GCTGTACTT,26.16
411,GCTGTACTT,26.16
412,GCTGTACTT,26.16
413,GCTGTACTT,26.16
414,GCTGTACTT,26.16
415,GCTGTACTT,26.16
416,GCTGTACTT,26.16
417,GCTGTACTT,26.16
418,GCTGTACTT,26.16
419,GCTGTACTT,26.16
420,GCTGTACTT,26.16
421,GCTGTACTT,26.16
422,GCTGTACTT,26.16
423,GCTGTACTT,26.16
424,GCTGTACTT,26.16
425,GCTGTACTT,26.16
426,GCTGTACTT,26.16
427,GCTGTACTT,26.16
428,GCTGTACTT,26.16
429,GCTGTACTT,26.16
430,GCTGTACTT,26.16
431,GCTGTACTT,26.16
432,GCTGTACTT,26.16
433,GCCGTATTT,37.47
434,GCCGTATTT,37.47
435,GCCGTATTT,37.47
436,GCCGTATTT,37.47
437,GCCGTATTT,37.47
438,GCCGTATTT,37.47
439,GCTGTATTT,36.45
440,GCTGTATTT,36.45
441,GCTGTATTT,36.45
442,GCTGTATTT,36.45
443,GCTGTATTT,36.45
444,GCTGTATTT,36.45
445,GCTGTATTT,36.45
446,GCTGTATTT,36.45
447,GCTGTATTT,36.45
448,GCTGTATTT,36.45
449,GCTGTATTT,36.45
450,GCTGTATTT,36.45
451,GCTGTATTT,36.45
452,GCTGTATTT,36.45
453,GCTGTATTT,36.45
454,GCTGTATTT,36.45
455,GCTGTATTT,36.45
456,GCTGTATTT,36.45
457,GCTGTATTT,36.45
458,GCTGTATTT,36.45
459,GCTGTATTT,36.45
460,GCTGTATTT,36.45
461,GCTGTATTT,36.45
462,GCTGTATTT,36.45
463,GCTGTATTT,36.45
464,GCTGTATTT,36.45
465,GCTGTATTT,36.45
466,GCTGTATTT,36.45
467,GCTGTATTT,36.45
468,GCTGTATTT,36.45
469,GCTGTATTT,36.45
470,GCTGTATTT,36.45
471,GCTGTATTT,36.45
472,GCTGTATTT,36.45
473,GCTGTATTT,36.45
474,GCTGTATTT,36.45
475,GCTGTATTT,36.45
476,GCTGTATTT,36.45
477,GCTGTATTT,36.45
478,GCTGTATTT,36.45
479,GCTGTATTT,36.45
480,GCTGTATTT,36.45
481,GCTGTATTT,36.45
482,GCTGTATTT,36.45
483,GCTGTATTT,36.45
484,GCTGTATTT,36.45
485,GCTGTATTT,36.45
486,GCTGTATTT,36.45
487,GCTGTATTT,36.45
488,GCTGTATTT,36.45
489,GCTGTATTT,36.45
490,GCTGTATTT,36.45
491,GCTGTATTT,36.45
492,GCTGTATTT,36.45
493,GCTGTATTT,36.45
494,GCTGTATTT,36.45
495,GCTGTATTT,36.45
496,GCTGTATTT,36.45
497,GCTGTATTT,36.45
498,GCTGTATTT,36.45
499,GCTGTATTT,36.45
500,GCTGTATTT,36.45
501,GCTGTATTT,36.45
502,GCTGTATTT,36.45
503,GCTGTATTT,36.45
504,GCTGTATTT,36.45
505,GCTGTATTT,36.45
506,GCTGAATTC,29.37
507,GCTGAATTC,29.37
508,GCTGAATTC,29.37
509,GCTTAATTC,18.43
510,GCTTAATTC,18.43
511,GCTTAATTC,18.43
512,GCTTAATTC,18.43
513,GCTTAATTC,18.43
514,GTTGTATTC,12.40
515,GCTGTATTC,34.27
516,GCTGTATTC,34.27
517,GCTGTATTC,34.27
518,GCTGTATTC,34.27
519,GCTGTATTC,34.27
520,GCTGTATTC,34.27
521,GCTGTATTC,34.27
522,GCTGTATTC,34.27
523,GCTGTTTTC,26.49
524,GCTGTTTTC,26.49
525,GCTGTTTTC,26.49
526,GCTGTTTTC,26.49
527,GCTGTTTTC,26.49
528,GCTGTTTTC,26.49
